keys,fr
Sheet,Feuille
Save,Enregistrer
Run Scene,Lancer la scène
Add Event,Ajouter un événement
Add Condition,Ajouter une condition
Add Action,Ajouter une action
Add Code,Ajouter du code
Add,Ajouter
Edit,Édition
View,Affichage
Tools,Outils
Simple Mode,Mode simple
Search,Rechercher
Cancel,Annuler
Open,Ouvrir
Undo,Annuler l'action
Redo,Rétablir
Copy,Copier
Paste,Coller
Zoom In,Zoom avant
Zoom Out,Zoom arrière
Name,Nom
Name:,Nom :
Type,Type
Text,Texte
Number,Nombre
Yes-No,Oui-Non
Details,Détails
Parameters,Paramètres
Default,Par défaut
Tooltip,Infobulle
Placeholder,Texte indicatif
Range,Plage
◀ Back,◀ Retour
★ Recent,★ Récents
⭐ Favorites,⭐ Favoris
✚ Apply & Add Another,✚ Appliquer et ajouter un autre
Save the sheet - compile-on-save keeps its generated script fresh (Ctrl+S).,Enregistre la feuille - la compilation à l'enregistrement garde son script généré à jour (Ctrl+S).
"Save, then play the scene that uses this sheet's script.","Enregistre, puis lance la scène qui utilise le script de cette feuille."
Add an event (E).,Ajoute un événement (E).
Add a condition to the selected event (C).,Ajoute une condition à l'événement sélectionné (C).
Add an action to the selected event (A).,Ajoute une action à l'événement sélectionné (A).
Add a GDScript block to the selected event - the deliberate 'drop to code' escape hatch. Opens the code editor immediately.,Ajoute un bloc GDScript à l'événement sélectionné - la porte de sortie délibérée vers le code. Ouvre immédiatement l'éditeur de code.
"Beginner-friendly view: hides the advanced/code entries (GDScript blocks, sub-conditions, pick filters, signals/enums). Everything still works when off.","Vue pour débutants : masque les entrées avancées/code (blocs GDScript, sous-conditions, filtres, signaux/énumérations). Tout reste disponible une fois désactivé."
"Toggle the generated-GDScript panel - the sheet's honest compiled output, side by side.","Affiche/masque le panneau GDScript généré - la sortie compilée, honnête, de la feuille, côte à côte."
Theme for this sheet (Load/Reload and the Theme Editor live in View),Thème de cette feuille (Charger/Recharger et l'éditeur de thème sont dans Affichage)
"Quick add…  (e.g. every tick, heal 5)","Ajout rapide…  (ex. chaque tick, heal 5)"
"Create, open, save, and configure this event sheet.","Créer, ouvrir, enregistrer et configurer cette feuille d'événements."
"Panels, multi-view panes, theme, live values, and zoom.","Panneaux, vues multiples, thème, valeurs en direct et zoom."
"Debug tools, validation, import, and project workflow.","Outils de débogage, validation, import et flux de travail du projet."
New…,Nouveau…
Open…,Ouvrir…
Save As…,Enregistrer sous…
Sheet Type…,Type de feuille…
Manage Includes…,Gérer les inclusions…
Custom Actions…,Actions personnalisées…
Export GDScript…,Exporter le GDScript…
Export Addon…,Exporter l'extension…
New Behaviour Addon…,Nouvelle extension de comportement…
Inspector Designer…,Concepteur d'Inspecteur…
Teach a Verb - Share Published Verbs,Enseigner un verbe - Partager les verbes publiés
Signal Event…,Événement de signal…
Global Variable…,Variable globale…
Local Variable…,Variable locale…
Function…,Fonction…
Code (GDScript) on Selected Event,Code (GDScript) sur l'événement sélectionné
Note…,Note…
Region…,Région…
Preload Resource…,Précharger une ressource…
Extract Selection to Include…,Extraire la sélection vers une inclusion…
Find References…,Rechercher les références…
Generate from Description (AI)…,Générer depuis une description (IA)…
Simple Mode (beginner-friendly),Mode simple (adapté aux débutants)
GDScript Panel (toggle),Panneau GDScript (basculer)
Open Sheets Panel,Panneau des feuilles ouvertes
Add-Event Rows,Lignes « + Ajouter un événement »
Split View (toggle),Vue scindée (basculer)
Detached View (toggle),Vue détachée (basculer)
Link Views (toggle),Lier les vues (basculer)
Load Theme…,Charger un thème…
Reload Theme,Recharger le thème
Theme Editor…,Éditeur de thème…
MCP Server (AI tools),Serveur MCP (outils IA)
"Hide the advanced/code entries (GDScript blocks, sub-conditions, pick filters, match, signals/enums) from the right-click menus. Everything still works in Expert mode.","Masque les entrées avancées/code (blocs GDScript, sous-conditions, filtres, match, signaux/énumérations) des menus contextuels. Tout reste disponible en mode expert."
Show/hide the generated-GDScript panel beside the sheet.,Affiche/masque le panneau GDScript généré à côté de la feuille.
"Show/hide the trailing ""+ Add event…"" rows. Turn off for a cleaner, calmer sheet.",Affiche/masque les lignes « + Ajouter un événement… ». À désactiver pour une feuille plus calme.
"Show/hide a second synchronized view of this sheet, side by side.","Affiche/masque une seconde vue synchronisée de cette feuille, côte à côte."
Pop the sheet view out into its own window / bring it back.,Détache la vue de la feuille dans sa propre fenêtre / la ramène.
Link/unlink scrolling between the split views.,Lie/délie le défilement entre les vues scindées.
Debug Breakpoints (toggle),Points d'arrêt de débogage (basculer)
Live Values (toggle),Valeurs en direct (basculer)
Event Trace (live highlight),Trace d'événements (surbrillance en direct)
Bookmarks…,Signets…
Register Autoload,Enregistrer l'autoload
Publish Preview…,Aperçu de publication…
Test Bench,Banc d'essai
Find in Project…,Rechercher dans le projet…
Project Doctor…,Docteur du projet…
Check Sheet for Errors,Vérifier les erreurs de la feuille
Vocabulary Doc,Doc du vocabulaire
Sheet Backups…,Sauvegardes de la feuille…
Save as Template,Enregistrer comme modèle
Attach to Selected Node,Attacher au nœud sélectionné
Preview Behaviors on Selected Node,Prévisualiser les comportements sur le nœud sélectionné
Lift Report…,Rapport d'import…
Welcome…,Bienvenue…
Start the Tour…,Commencer la visite…
Keyboard Shortcuts,Raccourcis clavier
Rename Everywhere…,Renommer partout…
Lint every ƒx expression + GDScript block; flag the offending rows and jump to the first.,Analyse chaque expression ƒx et bloc GDScript ; signale les lignes fautives et saute à la première.
Toggle breakpoint emission: debug-compiled sheets pause at rows with breakpoints.,Bascule l'émission des points d'arrêt : les feuilles compilées en débogage s'arrêtent aux lignes marquées.
Toggle Live Values: running sheets stream their variables here (editable).,Bascule les valeurs en direct : les feuilles en cours d'exécution diffusent leurs variables ici (modifiables).
+ Add action,+ Ajouter une action
+ Add condition,+ Ajouter une condition
+ Add parameter,+ Ajouter un paramètre
+ Add event…,+ Ajouter un événement…
Every Tick,Chaque tick
Always,Toujours
+  Add your first event,+  Ajouter votre premier événement
New from template…,Nouveau depuis un modèle…
Create an event sheet…,Créer une feuille d'événements…
This event sheet is empty,Cette feuille d'événements est vide
No event sheet is open,Aucune feuille d'événements n'est ouverte
Empty behavior sheet,Feuille de comportement vide
Empty autoload sheet,Feuille d'autoload vide
Double-click anywhere - or press E - to add your first event.,Double-cliquez n'importe où - ou appuyez sur E - pour ajouter votre premier événement.
Double-click anywhere - or press E - to add an event that drives the Node this attaches to.,Double-cliquez n'importe où - ou appuyez sur E - pour ajouter un événement qui pilote le Node auquel ceci s'attache.
Create one to start building - a menu of ready-made starters opens.,Créez-en une pour commencer - un menu de modèles prêts à l'emploi s'ouvre.
"Add the signals and functions every sheet in the project should reach (score, game state, an event bus).","Ajoutez les signaux et fonctions que chaque feuille du projet doit atteindre (score, état du jeu, bus d'événements)."
"Tip: the picker understands plain language. Try typing ""every tick"".",Astuce : le sélecteur comprend le langage courant. Essayez « every tick ».
Tip: Tools > Welcome… has a playable showcase and a 2-minute tour.,Astuce : Outils > Bienvenue… propose une démo jouable et une visite de 2 minutes.
Tip: publish a function to the picker and every sheet in the project can call it.,Astuce : publiez une fonction dans le sélecteur et chaque feuille du projet pourra l'appeler.
%s - Behavior · acts on host: %s,%s - Comportement · agit sur l'hôte : %s
"%s - Autoload · one instance, project-wide","%s - Autoload · une seule instance, pour tout le projet"
%s - Editor Tool · runs in the editor (File > Run),%s - Outil d'éditeur · s'exécute dans l'éditeur (Fichier > Exécuter)
%s - Custom Resource · every .tres of it is a data asset,%s - Ressource personnalisée · chaque .tres est un asset de données
Event Sheet · a script for the %s it's attached to,Feuille d'événements · un script pour le %s auquel elle est attachée
%s - Custom Node · extends %s,%s - Nœud personnalisé · étend %s
"Click to edit the sheet type (name, icon, host class).","Cliquez pour modifier le type de feuille (nom, icône, classe hôte)."
Add Action / Condition,Ajouter une action / condition
"Search actions, conditions, triggers...","Rechercher des actions, conditions, déclencheurs…"
Pin the highlighted entry to Favorites (or right-click any entry).,Épingle l'entrée en surbrillance dans les favoris (ou clic droit sur n'importe quelle entrée).
Right-click any entry to pin it here.,Clic droit sur une entrée pour l'épingler ici.
Entries you use appear here.,Les entrées que vous utilisez apparaissent ici.
"Select a condition, action, or trigger to create a new event.","Sélectionnez une condition, une action ou un déclencheur pour créer un nouvel événement."
Select an action to append to the selected event.,Sélectionnez une action à ajouter à l'événement sélectionné.
Select a condition or trigger to append to the selected event.,Sélectionnez une condition ou un déclencheur à ajouter à l'événement sélectionné.
Untitled EventSheet,Feuille sans titre
Unsaved (in-memory),Non enregistrée (en mémoire)
Open Sheets,Feuilles ouvertes
Filter sheets…,Filtrer les feuilles…
Filter the open sheets by name or path.,Filtre les feuilles ouvertes par nom ou chemin.
New Event,Nouvel événement
New Condition,Nouvelle condition
Edit Action,Modifier l'action
Edit Condition,Modifier la condition
Delete Action,Supprimer l'action
Delete Condition,Supprimer la condition
Delete Function,Supprimer la fonction
Replace Action,Remplacer l'action
Replace Condition,Remplacer la condition
Disable Action,Désactiver l'action
Disable Condition,Désactiver la condition
Invert Condition,Inverser la condition
Add New Variable,Ajouter une nouvelle variable
Create Variable,Créer la variable
Edit Variable,Modifier la variable
Add a function…,Ajouter une fonction…
Edit Note…,Modifier la note…
Edit Events,Modifier les événements
Insert Snippet…,Insérer un extrait…
Extract All Actions to Function…,Extraire toutes les actions vers une fonction…
Group Under a Heading…,Regrouper sous un titre…
Detach Comment To Row,Détacher le commentaire en ligne
Convert Scope,Convertir la portée
Toggle Constant,Basculer en constante
Whole numbers only,Nombres entiers uniquement
Editable in the Inspector (a designer property),Modifiable dans l'Inspecteur (une propriété de design)
Constant (can't change at runtime),Constante (ne change pas à l'exécution)
Set on _ready() - for node refs like $Player,Définie dans _ready() - pour des références de nœuds comme $Player
"Text - words, names, messages.","Texte - mots, noms, messages."
"A number - a count, score, position, speed… Tick ""Whole numbers only"" for integers.","Un nombre - un compte, un score, une position, une vitesse… Cochez « Nombres entiers uniquement » pour des entiers."
"A yes/no, on/off switch (true / false).","Un interrupteur oui/non, marche/arrêt (true / false)."
"An x/y pair: a direction, velocity, or position.","Une paire x/y : une direction, une vélocité ou une position."
An RGBA colour.,Une couleur RVBA.
An image / sprite resource.,Une ressource image / sprite.
Viewing as a sheet,Affichée comme feuille
Open in Godot Script Editor,Ouvrir dans l'éditeur de script Godot
Edit the .gd directly in Godot's script editor - your changes reload here when you come back to this tab.,Modifiez le .gd directement dans l'éditeur de script de Godot - vos changements se rechargent ici à votre retour sur cet onglet.
Take the 2-minute tour,Suivre la visite de 2 minutes
Editor language,Langue de l'éditeur
Simple mode - hide advanced rows & menu items,Mode simple - masquer les lignes et menus avancés
Open the GDScript panel with every sheet,Ouvrir le panneau GDScript avec chaque feuille
Coming from another event-sheet tool?,Vous venez d'un autre outil de feuilles d'événements ?
Open the migration guide,Ouvrir le guide de migration
Reopen this window any time: Tools → Welcome…,Rouvrez cette fenêtre à tout moment : Outils → Bienvenue…
Translations are plain CSV files - drop one into eventsheet_translations/ and its language appears here.,Les traductions sont de simples fichiers CSV - déposez-en un dans eventsheet_translations/ et sa langue apparaît ici.
The 2-minute tour,La visite de 2 minutes
Read a sheet like a sentence,Lire une feuille comme une phrase
Add your first event,Ajoutez votre premier événement
Give it a condition,Donnez-lui une condition
Make it DO something,Faites-lui FAIRE quelque chose
See the honest GDScript,"Voyez le GDScript, sans tricherie"
You know the loop,Vous connaissez la boucle
Skip tour,Passer la visite
Back,Retour
Next,Suivant
Finish,Terminer
✓ Done - nice! Hit Next.,✓ Fait - bravo ! Cliquez sur Suivant.
Hit Finish and go make something.,Cliquez sur Terminer et allez créer quelque chose.
"A coloured section label drawn above this property in the Inspector.
End with a #rrggbb to tint it. Editor decor only - plain comment in the code.","Un intitulé de section coloré affiché au-dessus de cette propriété dans l'Inspecteur.
Terminez par un #rrggbb pour le teinter. Décor d'éditeur uniquement - simple commentaire dans le code."
"A quiet info panel drawn above this property in the Inspector.
Editor decor only - plain comment in the code.","Un panneau d'information discret affiché au-dessus de cette propriété dans l'Inspecteur.
Décor d'éditeur uniquement - simple commentaire dans le code."
"A shape over 0–1 (easing, falloff, ramps).","Une courbe sur 0–1 (easing, atténuation, rampes)."
A whole number (no decimals) - stored as an int. Unticked stores a float.,"Un nombre entier (sans décimales) - stocké comme int. Décoché, stocké comme float."
Access,Accès
Advanced types,Types avancés
Anatomy,Anatomie
Any type - untyped (advanced; prefer a specific type when you can).,N'importe quel type - non typé (avancé ; préférez un type précis quand c'est possible).
Clamp to range,Limiter à la plage
Collapse the panel to a strip,Réduire le panneau en bandeau
Default field,Champ par défaut
Description,Description
Dropped Node Preview,Aperçu du nœud déposé
Easing curve (float: exponential ease handle),Courbe d'easing (float : poignée d'ease exponentielle)
Edit an Array/Dictionary's items one per line instead of typing a literal.,Modifiez les éléments d'un Array/Dictionary ligne par ligne au lieu de saisir un littéral.
Edit items…,Modifier les éléments…
"Event-sheet-style quick add: type an event/condition/action (event-sheet phrasing works) plus optional parameter values, press Enter.","Ajout rapide façon feuille d'événements : tapez un événement/condition/action (la formulation feuille d'événements fonctionne) plus des valeurs de paramètres optionnelles, puis Entrée."
Every sheet function at a glance (✦ = published as an ACE). Click to expand or collapse.,Toutes les fonctions de la feuille en un coup d'œil (✦ = publiée comme ACE). Cliquez pour déplier ou replier.
Field button,Bouton de champ
Flags,Drapeaux
From enum,Depuis l'enum
Group under heading,Grouper sous un intitulé
"How this variable's field LOOKS in the Inspector - pickers, flags, layer grids... Plain fields need no choice here.","L'APPARENCE du champ de cette variable dans l'Inspecteur - sélecteurs, drapeaux, grilles de calques... Les champs simples n'ont rien à choisir ici."
Info note,Note d'information
"Inspector grouping, conditional show/lock, an on-changed callback, clamp, read-only - for variables that reference other variables or functions.","Regroupement dans l'Inspecteur, affichage/verrouillage conditionnel, rappel on-changed, limitation, lecture seule - pour les variables qui référencent d'autres variables ou fonctions."
Inspector look,Apparence dans l'Inspecteur
Inspector preview,Aperçu de l'Inspecteur
Inspector section header (e.g. Combat),Intitulé de section de l'Inspecteur (ex. Combat)
Lock unless,Verrouiller sauf si
"Make this sheet's published verbs (its exposed ƒ functions) available in EVERY sheet's picker, node-targeted at $<ClassName>. Extract actions to a function first (right-click an event), then teach it here.","Rendez les verbes publiés de cette feuille (ses fonctions ƒ exposées) disponibles dans le sélecteur de TOUTES les feuilles, ciblés sur le nœud $<ClassName>. Extrayez d'abord des actions vers une fonction (clic droit sur un événement), puis enseignez-la ici."
Match Editor (default),Éditeur de match (par défaut)
Multiline (String: big text box),Multiligne (String : grande zone de texte)
"No alpha (Color: solid RGB, no transparency)","Sans alpha (Color : RVB opaque, sans transparence)"
No lower limit,Pas de limite basse
No upper limit,Pas de limite haute
On changed,À la modification
On ready,À l'initialisation (ready)
"On: a designer can tweak this per-instance in the Inspector (@export var).
Off: internal script state - a plain private var (the default for a new variable).","Activé : un designer peut l'ajuster par instance dans l'Inspecteur (@export var).
Désactivé : état interne du script - une simple var privée (le défaut pour une nouvelle variable)."
"On: compiles to @onready var - the Default is a GDScript EXPRESSION evaluated when the node enters the tree (e.g. $Player, get_node(""UI/Score"")), not a literal.
Use it to grab a node reference once the scene is ready.","Activé : compile en @onready var - le Défaut est une EXPRESSION GDScript évaluée quand le nœud entre dans l'arbre (ex. $Player, get_node(""UI/Score"")), pas un littéral.
Utilisez-le pour saisir une référence de nœud une fois la scène prête."
"One column per entry: name:type (String, int, float, bool, color for a swatch, or enum(a|b|c) for a dropdown).
Each Array element becomes a row with these cells.","Une colonne par entrée : nom:type (String, int, float, bool, color pour un échantillon, ou enum(a|b|c) pour une liste déroulante).
Chaque élément de l'Array devient une ligne avec ces cellules."
Optional Inspector polish for exported globals - everything compiles to plain Godot annotations.,Finitions optionnelles de l'Inspecteur pour les globales exportées - tout compile en annotations Godot ordinaires.
Options (combo),Options (combo)
Pick the Inspector look from picture tiles instead of the list.,Choisissez l'apparence dans l'Inspecteur via des vignettes plutôt que la liste.
Read-only,Lecture seule
"Renders a small button with this field that calls the named sheet function.
Needs a @tool sheet to act in-editor. Label optional (defaults to the function name).","Affiche un petit bouton avec ce champ qui appelle la fonction de feuille nommée.
Nécessite une feuille @tool pour agir dans l'éditeur. Libellé optionnel (nom de la fonction par défaut)."
Required (warn in the Inspector while unset),Requis (avertit dans l'Inspecteur tant que non défini)
Save Studio…,Enregistrer le Studio…
"Scaffold a ready-to-edit behaviour script in res://eventsheet_addons/ - its signals become triggers, methods become actions/conditions, and @export vars become properties, all auto-discovered as custom ACEs.","Génère un script de comportement prêt à modifier dans res://eventsheet_addons/ - ses signaux deviennent des déclencheurs, ses méthodes des actions/conditions, et ses @export var des propriétés, le tout auto-découvert comme ACE personnalisés."
Section header,Intitulé de section
"See the WHOLE sheet's Inspector as one live view - every exported variable with its decor, grouping, and widget, exactly as Godot will show it.","Voyez l'Inspecteur de TOUTE la feuille en une vue en direct - chaque variable exportée avec son décor, son regroupement et son widget, exactement comme Godot l'affichera."
Show as,Afficher comme
Show if,Afficher si
Shown after the number in the Inspector (suffix:px).,Affiché après le nombre dans l'Inspecteur (suffixe:px).
"Shows a red warning above the field until a value is assigned
(a Resource left empty, a String left blank). Editor-only.","Affiche un avertissement rouge au-dessus du champ tant qu'aucune valeur n'est assignée
(une Resource laissée vide, une String laissée blanche). Éditeur uniquement."
Slider extras,Extras du curseur
"Start editing this sheet here. From then on, Save (Ctrl+S) updates the file - or use Save As… to keep the original and save a copy.","Commencez à modifier cette feuille ici. Ensuite, Enregistrer (Ctrl+S) met à jour le fichier - ou utilisez Enregistrer sous… pour garder l'original et sauvegarder une copie."
Sub-heading,Sous-intitulé
"Swap the Inspector field for a richer drawer (dial, swatches, curve…).
Graceful: a plain field without the editor plugin (parity preserved).","Remplacez le champ de l'Inspecteur par un widget plus riche (cadran, échantillons, courbe…).
Dégradé élégant : un champ simple sans le plugin d'éditeur (parité préservée)."
Table columns,Colonnes du tableau
"The Inspector calls this function while the property is edited and shows
the returned message above the field. Needs a @tool sheet to run in-editor.","L'Inspecteur appelle cette fonction pendant la modification de la propriété et affiche
le message renvoyé au-dessus du champ. Nécessite une feuille @tool pour tourner dans l'éditeur."
The slider stops at max but typing a bigger number is allowed (or_greater).,Le curseur s'arrête au max mais saisir un nombre plus grand est permis (or_greater).
"The variable's type. For a node reference, type the node's class (Sprite2D, Label, Area2D…) or leave Variant.","Le type de la variable. Pour une référence de nœud, tapez la classe du nœud (Sprite2D, Label, Area2D…) ou laissez Variant."
"Turn the MCP server (AI-assistant tools) on/off. When off, connected AI clients see no tools and can't read or change your sheets. Takes effect live - no reconnect needed.","Active/désactive le serveur MCP (outils d'assistant IA). Désactivé, les clients IA connectés ne voient aucun outil et ne peuvent ni lire ni modifier vos feuilles. Effet immédiat - aucune reconnexion nécessaire."
Typing below min is allowed (or_less).,Saisir sous le min est permis (or_less).
Validate with,Valider avec
"Write this sheet's plain, standalone GDScript to a file you own. No plugin dependency - proof you can leave the addon anytime.",Écrit le GDScript autonome et ordinaire de cette feuille dans un fichier qui vous appartient. Aucune dépendance au plugin - la preuve que vous pouvez quitter l'extension à tout moment.
accent label above (e.g. Combat #e06666),intitulé accentué au-dessus (ex. Combat #e06666)
bool variable (hidden when false),variable bool (masqué quand false)
bool variable (read-only when false),variable bool (lecture seule quand false)
"columns, e.g. item:String, count:int, rare:bool","colonnes, ex. item:String, count:int, rare:bool"
"comma-separated, e.g. easy, normal, hard (String only)","séparées par des virgules, ex. easy, normal, hard (String uniquement)"
"function and button label, e.g. reroll_stats Reroll","fonction et libellé du bouton, ex. reroll_stats Relancer"
grey hint shown when the field is empty,indication grise affichée quand le champ est vide
"min, max, step (numeric: slider)","min, max, pas (numérique : curseur)"
nested section under the group (e.g. Melee),section imbriquée sous le groupe (ex. Mêlée)
note panel above (e.g. Shared resource - edits affect every user.),panneau de note au-dessus (ex. Ressource partagée - les modifications affectent tous les utilisateurs.)
sheet function called after assignment,fonction de feuille appelée après l'assignation
sheet function returning a warning String (empty = valid),fonction de feuille renvoyant une String d'avertissement (vide = valide)
"type - e.g. Node2D, Label, Sprite2D (or Variant for any)","type - ex. Node2D, Label, Sprite2D (ou Variant pour tout)"
"unit, e.g. px","unité, ex. px"
what this variable is for - shown as its description in the Inspector,à quoi sert cette variable - affiché comme sa description dans l'Inspecteur
"▸  Advanced (grouping, conditions, clamp…)","▸  Avancé (regroupement, conditions, limitation…)"
"▸  More options (range, drawer, grouping…)","▸  Plus d'options (plage, widget, regroupement…)"
Create Code Region,Créer une région de code
Create Code Region…,Créer une région de code…
Doc comment,Commentaire de doc
Documentation shown above the function (## …). BBCode like [b]bold[/b] is allowed.,Documentation affichée au-dessus de la fonction (## …). Le BBCode comme [b]gras[/b] est autorisé.
Getter body,Corps du getter
Setter body,Corps du setter
Setter parameter,Paramètre du setter
The name of the setter's incoming-value parameter (defaults to `value`).,Le nom du paramètre de valeur entrante du setter (par défaut `value`).
The statements that run when this variable is assigned (`set(value):`). Use `value` for the incoming value. Leave blank for no setter.,Les instructions exécutées quand cette variable est assignée (`set(value):`). Utilisez `value` pour la valeur entrante. Laissez vide pour aucun setter.
"The statements that run when this variable is read (`get:`), ending in `return …`. Leave blank for no getter.","Les instructions exécutées quand cette variable est lue (`get:`), se terminant par `return …`. Laissez vide pour aucun getter."
"getter body, e.g.  return _health","corps du getter, ex.  return _health"
"setter body, e.g.  health = clampi(value, 0, max_health)","corps du setter, ex.  health = clampi(value, 0, max_health)"
A faint tint over the actions (right) lane.,Une légère teinte sur la voie des actions (droite).
A faint tint over the conditions (left) lane.,Une légère teinte sur la voie des conditions (gauche).
"Accent (groups, selection)","Accent (groupes, sélection)"
Action Lane Color,Couleur de la voie d'action
Action Lane Padding,Marge de la voie d'action
Action cells,Cellules d'action
Alternate group header background (zebra).,Arrière-plan alterné d'en-tête de groupe (zébré).
Apply To Current Sheet,Appliquer à la feuille actuelle
Background of a group header row.,Arrière-plan d'une ligne d'en-tête de groupe.
Background of the Conditions / Actions column header bar.,Arrière-plan de la barre d'en-tête des colonnes Conditions / Actions.
Background of the fold triangle box on a group.,Arrière-plan de la boîte du triangle de repli sur un groupe.
Badge Background Color,Couleur de fond du badge
Badge Extra Width,Largeur supplémentaire du badge
Badge Foreground Color,Couleur de premier plan du badge
Base (background tone),Base (teinte de fond)
Behavior Accent Color,Couleur d'accent de comportement
Border of the condition/action chip.,Bordure de la puce de condition/action.
Cell Corner Radius,Rayon des coins des cellules
Cell Hover Color,Couleur de survol des cellules
Chip Background Color,Couleur de fond de la puce
Chip Border Color,Couleur de bordure de la puce
Chip Hover Color,Couleur de survol de la puce
Chip fill when hovered.,Remplissage de la puce au survol.
Close,Fermer
Column Header Actions Color,Couleur de l'en-tête Actions
Column Header Background Color,Couleur de fond de l'en-tête de colonne
Column Header Conditions Color,Couleur de l'en-tête Conditions
Comment Row Background Color,Couleur de fond des lignes de commentaire
Comment Text Color,Couleur du texte des commentaires
Condition Badge Column Width,Largeur de colonne du badge de condition
Condition Lane Color,Couleur de la voie de condition
Condition Lane Padding,Marge de la voie de condition
Condition Lane Ratio,Proportion de la voie de condition
Condition cells,Cellules de condition
Corner Radius,Rayon des coins
Corner roundness of group rows (0 = square bar).,Arrondi des coins des lignes de groupe (0 = barre carrée).
Corner roundness of individual condition/action cells.,Arrondi des coins de chaque cellule de condition/action.
Corner roundness of region marker bubbles.,Arrondi des coins des bulles de marqueur de région.
"Corner roundness of the chip, in pixels.","Arrondi des coins de la puce, en pixels."
"Corner roundness of the event block, in pixels (0 = square).","Arrondi des coins du bloc d'événement, en pixels (0 = carré)."
"Editor (hover, selection, lanes)","Éditeur (survol, sélection, voies)"
Event Corner Radius,Rayon des coins des événements
"Extra width reserved for the role badge on the chip, in pixels.","Largeur supplémentaire réservée au badge de rôle sur la puce, en pixels."
Fill of the condition/action chip.,Remplissage de la puce de condition/action.
Fill of the count badge on a group.,Remplissage du badge de compte sur un groupe.
Fill of the role badge on the chip.,Remplissage du badge de rôle sur la puce.
"Fill of the trigger arrow badge (On Ready, On Signal...).","Remplissage du badge flèche de déclencheur (On Ready, On Signal...)."
Font Size Delta,Écart de taille de police
Gap After,Espace après
Generate Theme,Générer le thème
Group Accent Color,Couleur d'accent des groupes
Group Background Alt Color,Couleur de fond alternée des groupes
Group Background Color,Couleur de fond des groupes
Group Badge Background Color,Couleur de fond du badge de groupe
Group Badge Foreground Color,Couleur de premier plan du badge de groupe
Group Corner Radius,Rayon des coins des groupes
Group Fold Background Color,Couleur de fond du repli de groupe
Group Title Color,Couleur du titre des groupes
"Height of a single event row, in pixels - raise it for more breathing room.","Hauteur d'une ligne d'événement, en pixels - augmentez-la pour plus d'espace."
Horizontal Padding,Marge horizontale
Hover Fill Color,Couleur de remplissage au survol
How much of the row width the conditions lane takes (0.2 - 0.8).,"Quelle part de la largeur de la ligne la voie des conditions occupe (0,2 - 0,8)."
Icon/text colour on the trigger badge.,Couleur de l'icône/du texte sur le badge de déclencheur.
"Inner padding on the actions lane, in pixels.","Marge intérieure de la voie des actions, en pixels."
"Inner padding on the conditions lane, in pixels.","Marge intérieure de la voie des conditions, en pixels."
Invert Marker Color,Couleur du marqueur d'inversion
Lane Divider Color,Couleur du séparateur de voies
Lane Divider Width,Épaisseur du séparateur de voies
Language Block Accent Color,Couleur d'accent des blocs de langage
Line thickness of region marker borders.,Épaisseur de trait des bordures de marqueur de région.
Minimum Conditions Lane Width,Largeur minimale de la voie de conditions
Minimum Row Height,Hauteur minimale des lignes
Object Label Color,Couleur de l'étiquette d'objet
"Parameter values (numbers, strings) highlighted inside ACE text.","Les valeurs de paramètres (nombres, chaînes) surlignées dans le texte des ACE."
"Pick a base + accent, then Generate. Fine-tune individual tokens below.","Choisissez une base + un accent, puis Générer. Ajustez chaque jeton ci-dessous."
Quick Style - recolour everything at once,Style rapide - tout recolorer d'un coup
Rebuild every colour token from the three colours above.,Reconstruit chaque jeton de couleur à partir des trois couleurs ci-dessus.
Region Corner Radius,Rayon des coins des régions
Region Line Width,Épaisseur de trait des régions
Reset To Default,Réinitialiser par défaut
Restore the bundled default look.,Restaure l'apparence par défaut fournie.
Row Background Alt Color,Couleur de fond alternée des lignes
Row Background Color,Couleur de fond des lignes
Row Border Color,Couleur de bordure des lignes
Save As Preset…,Enregistrer comme préréglage…
Selection Fill Color,Couleur de remplissage de la sélection
Sheet & rows (event style),Feuille et lignes (style d'événement)
Sheet Background Color,Couleur de fond de la feuille
"Space between this chip and the next one, in pixels.","Espace entre cette puce et la suivante, en pixels."
"Space inside the chip, above and below its text, in pixels.","Espace à l'intérieur de la puce, au-dessus et en dessous de son texte, en pixels."
"Space inside the chip, left and right of its text, in pixels.","Espace à l'intérieur de la puce, à gauche et à droite de son texte, en pixels."
Text Color,Couleur du texte
Text colour of the role badge.,Couleur du texte du badge de rôle.
Text colour on the group count badge.,Couleur du texte sur le badge de compte de groupe.
"Text size adjustment for this chip kind, relative to the sheet font (+/- points).","Ajustement de la taille du texte pour ce type de puce, par rapport à la police de la feuille (+/- points)."
The 'Actions' header label colour.,La couleur de l'étiquette d'en-tête « Actions ».
The 'Conditions' header label colour.,La couleur de l'étiquette d'en-tête « Conditions ».
The background of a normal event row.,L'arrière-plan d'une ligne d'événement normale.
The background of every OTHER row (the zebra stripe).,L'arrière-plan d'une ligne sur deux (la rayure zébrée).
The banner colour behind a full-width comment.,La couleur de la bannière derrière un commentaire pleine largeur.
"The colour behind the whole sheet, outside the rows.","La couleur derrière toute la feuille, en dehors des lignes."
The conditions lane never shrinks below this many pixels.,La voie des conditions ne descend jamais sous ce nombre de pixels.
The group title text colour.,La couleur du texte du titre de groupe.
The group's left accent stripe and hairlines.,La bande d'accent gauche du groupe et ses filets.
The highlight over a selected row.,La surbrillance sur une ligne sélectionnée.
"The object/origin label before each condition/action (System, node class).","L'étiquette d'objet/origine avant chaque condition/action (System, classe de nœud)."
The red X shown on an inverted (negated) condition.,Le X rouge affiché sur une condition inversée (niée).
"The soft-purple 'this is a behavior' accent (banner, region default).","L'accent violet doux « ceci est un comportement » (bannière, région par défaut)."
"The stripe + wash on language blocks (a data class, a host binding, a switch case) so they read as code structure, not regular events.","La bande + le voile sur les blocs de langage (classe de données, liaison d'hôte, switch) pour qu'ils se lisent comme structure de code, pas comme événements ordinaires."
The text colour of comments.,La couleur du texte des commentaires.
The text colour of the chip.,La couleur du texte de la puce.
The thin line between rows.,La fine ligne entre les lignes.
The tint over the row under the mouse.,La teinte sur la ligne sous la souris.
The vertical line splitting conditions from actions.,La ligne verticale séparant les conditions des actions.
Theme Editor,Éditeur de thème
Thickness of the conditions/actions divider line.,Épaisseur de la ligne séparant conditions et actions.
Tint over a single condition/action cell under the mouse.,Teinte sur une seule cellule de condition/action sous la souris.
Trigger Badge Background Color,Couleur de fond du badge de déclencheur
Trigger Badge Foreground Color,Couleur de premier plan du badge de déclencheur
Value Highlight Color,Couleur de surlignage des valeurs
Vertical Padding,Marge verticale
Width reserved for the trigger/condition badge column.,Largeur réservée à la colonne du badge de déclencheur/condition.
Add Comment Sub-Event,Ajouter un sous-événement commentaire
Add GDScript Action,Ajouter une action GDScript
Add Match To Actions…,Ajouter un match aux actions…
Add Pick Filter (For Each)…,Ajouter un filtre de sélection (Pour chaque)…
Add Sub-Condition,Ajouter une sous-condition
Add Sub-Event,Ajouter un sous-événement
Attach To Event Above,Attacher à l'événement au-dessus
Clear Else,Retirer le Sinon (Else)
Clear Else-If,Retirer le Sinon-Si (Else-If)
Close Group,Fermer le groupe
Comment,Commentaire
Convert to AND Block,Convertir en bloc ET
Convert to OR Block,Convertir en bloc OU
Copy as Text,Copier comme texte
Cut,Couper
Delete,Supprimer
Disable / Enable Selection,Désactiver / Activer la sélection
Disable Row,Désactiver la ligne
Duplicate,Dupliquer
Duplicate Selection,Dupliquer la sélection
Edit Comment…,Modifier le commentaire…
Edit Description…,Modifier la description…
Enable Row,Activer la ligne
Enum,Enum
Event Above,Événement au-dessus
Event Below,Événement en dessous
Find Usages (project),Chercher les utilisations (projet)
GDScript Block,Bloc GDScript
Group,Groupe
Group Color…,Couleur du groupe…
Group Selection into New Group,Grouper la sélection dans un nouveau groupe
Insert,Insérer
Make Else,Transformer en Sinon (Else)
Make Else-If,Transformer en Sinon-Si (Else-If)
More,Plus
Open / Close Group,Ouvrir / Fermer le groupe
Open Group,Ouvrir le groupe
Open in Split,Ouvrir dans une vue scindée
Runtime Toggleable,Activable à l'exécution
Save Selection as Snippet…,Enregistrer la sélection comme extrait…
Scope Actions To Node…,Restreindre les actions à un nœud…
Set Breakpoint Condition…,Définir la condition du point d'arrêt…
Signal Handler,Gestionnaire de signal
Variable,Variable
Else,Sinon
Else If,Sinon Si
"A list of numbers (Array[float]) - weights, timings, chances.","Une liste de nombres (Array[float]) - poids, minutages, probabilités."
"A list of text entries (Array[String]) - names, lines, tags.","Une liste d'entrées de texte (Array[String]) - noms, répliques, étiquettes."
"A list of whole numbers (Array[int]) - scores, ids, tile indexes.","Une liste de nombres entiers (Array[int]) - scores, ids, indices de tuiles."
A list that can hold anything (mixed types allowed).,Une liste qui peut tout contenir (types mélangés autorisés).
Action Object Column Width,Largeur de la colonne d'objet des actions
Condition Object Column Width,Largeur de la colonne d'objet des conditions
Designer Template,Modèle de concepteur
Fixed width of the object-name column in the actions lane (0 = text flows after each name). Also set by dragging the name/text gap in a row.,Largeur fixe de la colonne des noms d'objets dans la voie des actions (0 = le texte suit chaque nom). Se règle aussi en faisant glisser l'espace nom/texte dans une ligne.
Fixed width of the object-name column in the conditions lane (0 = text flows after each name). Also set by dragging the name/text gap in a row.,Largeur fixe de la colonne des noms d'objets dans la voie des conditions (0 = le texte suit chaque nom). Se règle aussi en faisant glisser l'espace nom/texte dans une ligne.
Group Row Height,Hauteur des lignes de groupe
"Height of a group header bar, in pixels - double an event row by default; lower it for the classic slim bar.","Hauteur d'une barre d'en-tête de groupe, en pixels - le double d'une ligne d'événement par défaut ; réduisez-la pour la barre fine classique."
Language,Langue
"Make your own data asset in three questions: name one entry, list its columns, done - a Resource whose Inspector is a fill-in table, saved as .tres files designers edit.","Créez votre propre asset de données en trois questions : nommez une entrée, listez ses colonnes, terminé - une Resource dont l'Inspector est un tableau à remplir, enregistrée dans des fichiers .tres que les designers modifient."
Named anything (by text key) - a flexible data bag.,N'importe quoi nommé (par clé de texte) - un sac de données flexible.
"Named numbers (by text key) - e.g. volumes[""music""] = 0.8.","Des nombres nommés (par clé de texte) - ex. volumes[""music""] = 0.8."
Named slots holding anything: look values up by a key.,Des emplacements nommés contenant n'importe quoi : recherchez les valeurs par clé.
"Named text (by text key) - e.g. lines[""greeting""].","Du texte nommé (par clé de texte) - ex. lines[""greeting""]."
"Named whole numbers (by text key) - e.g. costs[""sword""] = 10.","Des nombres entiers nommés (par clé de texte) - ex. costs[""sword""] = 10."
New Custom Resource…,Nouvelle ressource personnalisée…
New Editor Tool…,Nouvel outil d'éditeur…
Object Icons,Icônes des objets
"Start an editor-side tool sheet: its events run INSIDE the editor (script editor > File > Run), never in the game - batch renames, scene checks, one-click chores.","Démarre une feuille d'outil côté éditeur : ses événements s'exécutent DANS l'éditeur (éditeur de script > File > Run), jamais dans le jeu - renommages en masse, vérifications de scènes, corvées en un clic."
Switch the EventSheets editor language. Drop a translation CSV into addons/eventsheet/translations/ and it appears here automatically.,Change la langue de l'éditeur EventSheets. Déposez un CSV de traduction dans addons/eventsheet/translations/ et il apparaît ici automatiquement.
"Makes your own data asset: a Resource with a table designers fill in the Inspector and save as .tres files - loot tables, dialogue lines, wave plans, anything that is rows of data. No annotations to learn; describe the rows and the sheet is generated.","Crée votre propre asset de données : une Resource avec un tableau que les designers remplissent dans l'Inspector et enregistrent en fichiers .tres - tables de butin, répliques de dialogue, plans de vagues, tout ce qui se présente en lignes de données. Aucune annotation à apprendre ; décrivez les lignes et la feuille est générée."
What are you making?,Que créez-vous ?
One entry is a…,Une entrée est un(e)…
Resource name,Nom de la ressource
What does an entry have?,Que contient une entrée ?
"One column per line. Plain words make a text column; add "": float"", "": int"", or "": bool"" for numbers and toggles; list choices with | for a dropdown.

name
kind: coin|gem|key
weight: float","Une colonne par ligne. Des mots simples créent une colonne de texte ; ajoutez "": float"", "": int"" ou "": bool"" pour les nombres et les interrupteurs ; listez des choix avec | pour une liste déroulante.

name
kind: coin|gem|key
weight: float"
Before it works,Avant que ça fonctionne
Warn in the Inspector until the table has rows (required),Avertir dans l'Inspector tant que le tableau n'a pas de lignes (requis)
"Add a validation check (a function warning about bad data, live)","Ajouter un contrôle de validation (une fonction qui signale les données invalides, en direct)"
Creates a ready-to-edit validate function: it runs while the table is edited in the Inspector and shows any warning it returns above the field. Add your own rules as condition rows.,Crée une fonction validate prête à éditer : elle s'exécute pendant l'édition du tableau dans l'Inspector et affiche au-dessus du champ tout avertissement qu'elle renvoie. Ajoutez vos propres règles comme lignes de condition.
Inspector button,Bouton dans l'Inspector
"Show this function as a one-click button in the Inspector, labelled with this text. Pressing the button runs the function's rows - great for editor chores like re-baking, refilling, or validating.","Affiche cette fonction comme un bouton en un clic dans l'Inspector, avec ce texte pour étiquette. Un appui sur le bouton exécute les lignes de la fonction - idéal pour les corvées d'éditeur comme re-baker, re-remplir ou valider."
Plain GDScript - anything valid in an expression works here. Ctrl+Space completes sheet variables/functions and host members. Alt+Enter grows the box for a long expression (and shrinks it back).,Du GDScript pur - tout ce qui est valide dans une expression fonctionne ici. Ctrl+Space complète les variables/fonctions de la feuille et les membres de l'hôte. Alt+Enter agrandit la zone pour une longue expression (et la réduit ensuite).
"Find Expressions - open the expressions dictionary (floating: double-click inserts, stays open until you close it)","Trouver des expressions - ouvre le dictionnaire des expressions (flottant : un double-clic insère, il reste ouvert jusqu'à sa fermeture)"
Expressions dictionary,Dictionnaire des expressions
Double-click to insert at the cursor - the dictionary stays open so results chain. You can also just type in the field: the same expressions autocomplete as you go.,Double-cliquez pour insérer au curseur - le dictionnaire reste ouvert pour enchaîner les résultats. Vous pouvez aussi taper directement dans le champ : les mêmes expressions s'autocomplètent au fil de la saisie.
Loop index (optional),Indice de boucle (facultatif)
"Name a counter that runs 0, 1, 2... each pass - Construct's loopindex. Read it with the Loop Index expression; give nested loops distinct names and read an outer one with Loop Index Of.","Nommez un compteur qui vaut 0, 1, 2... à chaque passage - le loopindex de Construct. Lisez-le avec l'expression Loop Index ; donnez des noms distincts aux boucles imbriquées et lisez une boucle externe avec Loop Index Of."
Write one value per line (multi-line enum),Écrire une valeur par ligne (énumération multiligne)
"Off: enum State { IDLE, RUN }. On: each value on its own tab-indented line - the usual shape for long enums with explicit numbers.","Désactivé : enum State { IDLE, RUN }. Activé : chaque valeur sur sa propre ligne indentée d'une tabulation - la forme habituelle des longues énumérations avec des nombres explicites."
Addon Pack,Pack d'extension
Make your own data asset,Créez votre propre asset de données
"Sheets aren't only for gameplay: Sheet > New Custom Resource… asks three plain questions (what one entry is called, what columns it has, whether it's required) and builds a data asset whose Inspector is a fill-in table - loot tables, dialogue lines, wave plans. Designers fill rows and save .tres variants; your sheets load them. And Sheet > New Editor Tool… makes one-click editor chores the same way.","Les feuilles ne servent pas qu'au gameplay : Sheet > New Custom Resource… pose trois questions simples (comment s'appelle une entrée, quelles colonnes elle a, si elle est requise) et construit un asset de données dont l'Inspector est un tableau à remplir - tables de butin, répliques de dialogue, plans de vagues. Les designers remplissent les lignes et enregistrent des variantes .tres ; vos feuilles les chargent. Et Sheet > New Editor Tool… crée de la même façon des corvées d'éditeur en un clic."
Peek at Sheet > New Custom Resource… (Esc closes it without creating anything).,Jetez un œil à Sheet > New Custom Resource… (Esc le ferme sans rien créer).
Connect Signal to Event Sheet,Connecter un signal à la feuille d'événements
Connect,Connecter
%s - pick a signal,%s - choisissez un signal
An On <Signal> event is added to the node's sheet; its actions run when the signal fires.,Un événement On <Signal> est ajouté à la feuille du nœud ; ses actions s'exécutent quand le signal est émis.
Filter signals...,Filtrer les signaux...
Connected %s - add actions to the new event.,%s connecté - ajoutez des actions au nouvel événement.
Open the EventSheet workspace to connect signals.,Ouvrez l'espace EventSheet pour connecter des signaux.
Bold (Ctrl+B),Gras (Ctrl+B)
Italic (Ctrl+I),Italique (Ctrl+I)
Underline (Ctrl+U),Souligné (Ctrl+U)
Strikethrough (Ctrl+Shift+S),Barré (Ctrl+Shift+S)
Wrap the selection in [color=...] (edit the hex after),Entoure la sélection de [color=...] (modifiez la couleur ensuite)
Loaded: (unsaved EventSheet),Chargé : (EventSheet non enregistrée)
Event Numbers,Numéros d'événement
Outline…,Plan…
Outline,Plan
Go to Event,Aller à l'événement
Go to Event Number…,Aller au numéro d'événement…
Bookmarks,Signets
◂ Previous,◂ Précédent
Next ▸,Suivant ▸
Clear All,Tout effacer
Current sheet,Feuille actuelle
Filter,Filtrer
Edit Values Across Selection…,Modifier les valeurs de la sélection…
Select All Events Using This,Sélectionner tous les événements qui l'utilisent
Replace Object References…,Remplacer les références d'objet…
Replace Object References,Remplacer les références d'objet
Retarget the selection,Recibler la sélection
Replace,Remplacer
From,De
To,Vers
Add Field…,Ajouter un champ…
Remove Field,Supprimer le champ
Add Field,Ajouter un champ
New field on this data class,Nouveau champ de cette classe de données
all,tout
